{
  "project_info": {
    "project_number": "839864390272",
    "project_id": "todotree2",
    "storage_bucket": "todotree2.appspot.com"
  },
  "client": [
    {
      "client_info": {
        "mobilesdk_app_id": "1:839864390272:android:8910a80e134c1d7bcf4c65",
        "android_client_info": {
          "package_name": "com.example.todotree2"
        }
      },
      "oauth_client": [
        {
          "client_id": "839864390272-29gmublod3j1io8hef8e29vbs97romqk.apps.googleusercontent.com",
          "client_type": 1,
          "android_info": {
            "package_name": "com.example.todotree2",
            "certificate_hash": "02d6984e4d08093205e96190a8a25daeb95f20db"
          }
        },
        {
          "client_id": "839864390272-tug68uf7q9645vlf70oqua92fjp7frn9.apps.googleusercontent.com",
          "client_type": 3
        }
      ],
      "api_key": [
        {
          "current_key": "AIzaSyCZwf7CHz3hB-6I9WsJmgI35mCyb5AqKjI"
        }
      ],
      "services": {
        "appinvite_service": {
          "other_platform_oauth_client": [
            {
              "client_id": "839864390272-tug68uf7q9645vlf70oqua92fjp7frn9.apps.googleusercontent.com",
              "client_type": 3
            }
          ]
        }
      }
    }
  ],
  "configuration_version": "1"
}